[
  {
    "label": "LBL_BTN_START",
    "text": "INICIAR"
  },
  {
    "label": "LBL_BTN_STOPPING",
    "text": "PARANDO"
  },
  {
    "label": "LBL_BTN_STOP",
    "text": "PARAR"
  },
  {
    "label": "LBL_BTN_RECONNECT",
    "text": "RECONECTAR"
  },
  {
    "label": "LBL_DISCONNECTED",
    "text": "<b>Desconectado</b>"
  },
  {
    "label": "LBL_RECORD",
    "text": "REGISTRO"
  },
  {
    "label": "LBL_CHOOSE_CONFIG",
    "text": "ESCOLHA UMA CONFIGURAÇÃO"
  },
  {
    "label": "LBL_UUID",
    "text": "UUID V2Ray"
  },
  {
    "label": "LBL_USERNAME",
    "text": "Nome de usuário"
  },
  {
    "label": "LBL_PASSWORD",
    "text": "Senha"
  },
  {
    "label": "LBL_UUID_INVALID",
    "text": "UUID inválido"
  },
  {
    "label": "LBL_USERNAME_INVALID",
    "text": "Nome de usuário inválido"
  },
  {
    "label": "LBL_PASSWORD_INVALID",
    "text": "Senha inválida"
  },
  {
    "label": "LBL_USERNAME_PASSWORD_INVALID",
    "text": "Por favor, preencha o usuário e senha"
  },
  {
    "label": "LBL_CONFIG_TITLE",
    "text": "Configuração"
  },
  {
    "label": "LBL_INITIALIZING_APP",
    "text": "Inicializando aplicação"
  },
  {
    "label": "LBL_CONFIG_LOADED",
    "text": "Configuração carregada"
  },
  {
    "label": "LBL_SEARCHING_FOR_UPDATES",
    "text": "Procurando atualizações"
  },
  {
    "label": "LBL_CONFIG_UPDATED",
    "text": "Configurações atualizadas com sucesso"
  },
  {
    "label": "LBL_CONFIG_NOT_SUPPORTED",
    "text": "Parece que essa configuração não é suportada neste aplicativo"
  },
  {
    "label": "LBL_ERROR_ESTABLISHING_CONNECTION_SSH",
    "text": "<b>Erro ao estabelecer conexão SSH</b>"
  },
  {
    "label": "LBL_RECONNECTION_PROCESS",
    "text": "Processo de reconexão"
  },
  {
    "label": "LBL_RECONNECTING_IN",
    "text": "Reconectando em: %ss"
  },
  {
    "label": "LBL_RECONNECTING",
    "text": "Reconectando..."
  },
  {
    "label": "LBL_CONNECTING",
    "text": "Conectando..."
  },
  {
    "label": "LBL_STOPPING",
    "text": "Parando..."
  },
  {
    "label": "LBL_LOCAL_IP",
    "text": "IP Local: %s"
  },
  {
    "label": "LBL_LOCAL_IP_INFO",
    "text": "IPv4 Local: %1$s/%2$d MTU: %3$d"
  },
  {
    "label": "LBL_DNS_SERVER_INFO",
    "text": "Servidor DNS: %s"
  },
  {
    "label": "LBL_ROUTES_INFO_INCL",
    "text": "Rotas: %s"
  },
  {
    "label": "LBL_ROUTES_INFO_EXCL",
    "text": "Rotas excluídas: %s"
  },
  {
    "label": "LBL_INVALID_CONFIG_OVPN",
    "text": "Configuração OVPN inválida"
  },
  {
    "label": "LBL_ERROR",
    "text": "Erro: %s"
  },
  {
    "label": "LBL_CONFIG_NOT_FOUND_TITLE",
    "text": "Configuração não encontrada"
  },
  {
    "label": "LBL_CONFIG_NOT_FOUND_TEXT",
    "text": "Nenhuma configuração encontrada"
  },
  {
    "label": "LBL_STOP_APPLICATION",
    "text": "Para continuar, para a aplicação"
  },
  {
    "label": "LBL_FINGERPRINT",
    "text": "<b>Impressão digital: %s</b>"
  },
  {
    "label": "LBL_AUTHENTICATING",
    "text": "Autenticando..."
  },
  {
    "label": "LBL_AUTHENTICATION_SUCCESS",
    "text": "<b>Autenticação realizada com sucesso</>"
  },
  {
    "label": "LBL_AUTHENTICATION_FAILED",
    "text": "Falha na autenticação"
  },
  {
    "label": "LBL_AUTHENTICATION_FAILED_TEXT",
    "text": "Não foi possível autenticar com servidor. Por favor, verifique seu nome de usuário e senha."
  },
  {
    "label": "LBL_STATE_CONNECTED",
    "text": "Conectado"
  },
  {
    "label": "LBL_STATE_DISCONNECTED",
    "text": "Desconectado"
  },
  {
    "label": "LBL_STATE_CONNECTING",
    "text": "Conectando"
  },
  {
    "label": "LBL_STATE_STOPPING",
    "text": "Parando"
  },
  {
    "label": "LBL_STATE_NO_NETWORK",
    "text": "Sem acesso à internet"
  },
  {
    "label": "LBL_STATE_AUTH",
    "text": "Autenticando"
  },
  {
    "label": "LBL_STATE_AUTH_FAILED",
    "text": "Falha na autenticação"
  },
  {
    "label": "LBL_STATE_UNKNOWN",
    "text": "Desconhecido"
  },
  {
    "label": "LBL_STATE_ASSIGN_IP",
    "text": "Atribuindo IP"
  },
  {
    "label": "LBL_STATE_ADD_ROUTES",
    "text": "Adicionando rotas"
  },
  {
    "label": "LBL_STATE_RECONNECTING",
    "text": "Reconectando"
  },
  {
    "label": "LBL_STATE_EXITING",
    "text": "Saindo"
  },
  {
    "label": "LBL_STATE_RESOLVE",
    "text": "Resolvendo"
  },
  {
    "label": "LBL_STATE_TCP_CONNECT",
    "text": "Conectando (TCP)"
  },
  {
    "label": "LBL_STATE_VPN_GENERATE_CONFIG",
    "text": "Gerando configuração"
  },
  {
    "label": "LBL_STATE_WAIT",
    "text": "Aguardando"
  },
  {
    "label": "LBL_STATE_GET_CONFIG",
    "text": "Obtendo configuração"
  },
  {
    "label": "LBL_VPN_ESTABLISHED",
    "text": "<b>VPN estabelecido</b>"
  },
  {
    "label": "LBL_APP_VERSION",
    "text": "<b>%s %s %s</b>"
  },
  {
    "label": "LBL_MOBILE_INFO",
    "text": "<b>%s | %s | %s | %s</b>"
  },
  {
    "label": "LBL_ROUTE_REJECTED",
    "text": "Rota rejeitada:"
  },
  {
    "label": "LBL_COULD_NOT_ADD_DNS",
    "text": "Não foi possível adicionar DNS:"
  },
  {
    "label": "LBL_ERROR_INTERFACE_TUN",
    "text": "Erro ao criar interface tun"
  },
  {
    "label": "LBL_OPENING_INTERFACE_TUN",
    "text": "Abrindo interface tun"
  },
  {
    "label": "LBL_CHECKING_USER",
    "text": "Verificando usuário..."
  },
  {
    "label": "LBL_CHECKING_USER_FAILED",
    "text": "Falha ao verificar usuário"
  },
  {
    "label": "LBL_OVPN_STARTED",
    "text": "OpenVPN iniciado"
  },
  {
    "label": "LBL_TLS_VERSION",
    "text": "<b>Versão do TLS: %s</b>"
  },
  {
    "label": "LBL_TLS_ALGORITHM",
    "text": "<b>Algoritmo TLS: %s</b>"
  },
  {
    "label": "LBL_INVALID_IP",
    "text": "IP inválido: %s"
  },
  {
    "label": "LBL_CHECK_USER_TITLE",
    "text": "INFO. DO USUÁRIO"
  },
  {
    "label": "LBL_CHECK_USER_MESSAGE",
    "text": "👤 Nome de usuario: {username}<br>📆 Expira em: {expiration_date}<br>📅 Dias restantes: {expiration_days}<br>🚫 Conexoes: {count_connections}|{limit_connections}"
  },
  {
    "label": "LBL_NETWORK_STATUS",
    "text": "Status da rede: %s"
  },
  {
    "label": "LBL_WELCOME",
    "text": "Bem-vindo(a)"
  },
  {
    "label": "LBL_INFO",
    "text": "Aviso"
  },
  {
    "label": "LBL_ALERT",
    "text": "Alerta"
  },
  {
    "label": "LBL_SSH_LIB_NOT_FOUND",
    "text": "SSH não encontrado"
  },
  {
    "label": "LBL_V2RAY_NOT_FOUND",
    "text": "V2Ray não encontrado"
  },
  {
    "label": "LBL_OPENVPN_NOT_FOUND",
    "text": "OpenVPN não encontrado"
  },
  {
    "label": "LBL_APP_UPDATE_TITLE",
    "text": "ATUALIZAÇÃO DISPONÍVEL"
  },
  {
    "label": "LBL_APP_UPDATE_MESSAGE",
    "text": "UMA NOVA VERSÃO DO APLICATIVO ESTÁ DISPONÍVEL, CLIQUE NO BOTÃO ABAIXO PARA ATUALIZAR."
  },
  {
    "label": "LBL_APP_UPDATE_BUTTON",
    "text": "ATUALIZAR"
  },
  {
    "label": "LBL_APP_UPDATE_INSTALL",
    "text": "INSTALAR"
  },
  {
    "label": "LBL_APP_UPDATE_DOWNLOADING",
    "text": "BAIXANDO ATUALIZAÇÃO"
  },
  {
    "label": "LBL_APP_UPDATE_DOWNLOAD_COMPLETED",
    "text": "DOWNLOAD COMPLETO"
  },
  {
    "label": "LBL_CONFIG_NOT_SELECTED",
    "text": "Nenhuma configuração selecionada"
  },
  {
    "label": "LBL_CONFIG_NOT_ACTIVE",
    "text": "Parece que a configuração selecionada não está ativa"
  },
  {
    "label": "LBL_CLEAR_APP_TITLE",
    "text": "LIMPAR APLICATIVO"
  },
  {
    "label": "LBL_CLEAR_APP_MESSAGE",
    "text": "VOCÊ TEM CERTEZA QUE QUER LIMPAR O APLICATIVO?"
  },
  {
    "label": "LBL_VPN_PERMISSION_DENIED",
    "text": "ERRO AO ESTABELECER CONEXÃO VPN"
  },
  {
    "label": "LBL_VPN_PERMISSION_DENIED_TEXT",
    "text": "Desculpe, não foi possível estabelecer a conexão VPN. Isso pode ter ocorrido porque você optou por não adicionar um perfil de VPN, negou o acesso ao serviço VPN ou tem um aplicativo que está usando o VPN sempre ativo. Verifique suas configurações de VPN e verifique se não há outros aplicativos que estejam usando o VPN para garantir que a conexão VPN possa ser estabelecida corretamente."
  },
  {
    "label": "LBL_VPN_PERMISSION_DENIED_BTN",
    "text": "ABRIR CONFIGURAÇÕES DE VPN"
  },
  {
    "label": "LBL_YES",
    "text": "Sim"
  },
  {
    "label": "LBL_NO",
    "text": "Não"
  },
  {
    "label": "LBL_CONFIG_IMPORT_TITLE",
    "text": "IMPORTAR CONFIGURAÇÃO"
  },
  {
    "label": "LBL_CONFIG_IMPORT_MESSAGE",
    "text": "FOI ENCONTRADO UMA CONFIGURAÇÃO NA AREA DE TRANSFERÊNCIA. DESEJA IMPORTAR?"
  },
  {
    "label": "LBL_CONFIG_IMPORT_BTN_IMPORT",
    "text": "IMPORTAR"
  },
  {
    "label": "LBL_LIMITER_TITLE",
    "text": "LIMITER"
  },
  {
    "label": "LBL_LIMITER_TEXT",
    "text": "Desculpe, mas atualmente o número máximo de conexões permitidas foi atingido. Por favor, tente novamente mais tarde ou entre em contato com o suporte para obter mais informações. Obrigado"
  },
  {
    "label": "LBL_VALIDATING_ACCESS",
    "text": "Validando seu acesso..."
  },
  {
    "label": "LBL_DNS_FORWARDING_DISABLED",
    "text": "<b>Encaminhamento de DNS desabilitado</b>"
  },
  {
    "label": "LBL_DNS_FORWARDING_ENABLED",
    "text": "<b>Encaminhamento de DNS habilitado</b>"
  },
  {
    "label": "LBL_QUANTITY_PAYLOAD",
    "text": "<b>PAYLOADS: %s</b>"
  },
  {
    "label": "LBL_QUANTITY_SNI",
    "text": "<b>SNI: %s</b>"
  },
  {
    "label": "LBL_QUANTITY_PROXY",
    "text": "<b>PROXIES: %s</b>"
  },
  {
    "label": "LBL_QUANTITY_SERVER",
    "text": "<b>SERVIDORES: %s</b>"
  },
  {
    "label": "LBL_QUANTITY_PROCESS",
    "text": "<b>PROCESSOS: %s</b>"
  }
]