[
  {
    "name": "APP_BACKGROUND_TYPE",
    "value": {
      "options": [
        {
          "value": "IMAGE"
        },
        {
          "value": "COLOR"
        }
      ],
      "selected": "COLOR"
    },
    "type": "SELECT"
  },
  {
    "name": "APP_BACKGROUND_COLOR",
    "value": "#080e16c7",
    "type": "COLOR"
  },
  {
    "name": "APP_CARD_COLOR",
    "value": "#1d242e73",
    "type": "COLOR"
  },
  {
    "name": "APP_CARD_RADIUS",
    "value": 20,
    "type": "INTEGER"
  },
  {
    "name": "APP_CARD_STATUS_COLOR",
    "value": "#1d242e73",
    "type": "COLOR"
  },
  {
    "name": "APP_CARD_STATUS_RADIUS",
    "value": 25,
    "type": "INTEGER"
  },
  {
    "name": "APP_CARD_CONFIG_COLOR",
    "value": "#0E171EC9",
    "type": "COLOR"
  },
  {
    "name": "APP_DIALOG_BACKGROUND_COLOR",
    "value": "#0E171EC9",
    "type": "COLOR"
  },
  {
    "name": "APP_BORDER_COLOR",
    "value": "#1d242e73",
    "type": "COLOR"
  },
  {
    "name": "APP_INPUT_COLOR",
    "value": "#1d242e73",
    "type": "COLOR"
  },
  {
    "name": "APP_INPUT_RADIUS",
    "value": 25,
    "type": "INTEGER"
  },
  {
    "name": "APP_TEXT_COLOR",
    "value": "#FFFFFFFF",
    "type": "COLOR"
  },
  {
    "name": "APP_BUTTON_COLOR",
    "value": "#1d242e73",
    "type": "COLOR"
  },
  {
    "name": "APP_BUTTON_RADIUS",
    "value": 25,
    "type": "INTEGER"
  },
  {
    "name": "APP_ICON_COLOR",
    "value": "#FFFFFFFF",
    "type": "COLOR"
  },
  {
    "name": "APP_SHOW_CONNECTION_MODE",
    "value": true,
    "type": "BOOLEAN"
  },
  {
    "name": "APP_SUPPORT_BUTTON",
    "value": null,
    "type": "HTML"
  },
  {
    "name": "APP_WEB_VIEW",
    "value": null,
    "type": "HTML"
  },
  {
    "name": "APP_AUTO_START",
    "value": false,
    "type": "BOOLEAN"
  },
  {
    "name": "APP_CONNECTION_LIMITER",
    "value": false,
    "type": "BOOLEAN"
  },
  {
    "name": "APP_BTN_UPDATE_ENABLED",
    "value": true,
    "type": "BOOLEAN"
  },
  {
    "name": "APP_BTN_LOGGER_ENABLED",
    "value": true,
    "type": "BOOLEAN"
  },
  {
    "name": "APP_BTN_PAGE_ENABLED",
    "value": false,
    "type": "BOOLEAN"
  },
  {
    "name": "APP_DIALOG_ERROR_ENABLED",
    "value": true,
    "type": "BOOLEAN"
  },
  {
    "name": "APP_CHECKUSER_DIALOG_ENABLED",
    "value": true,
    "type": "BOOLEAN"
  },
  {
    "name": "APP_SUCCESS_TOAST_ENABLED",
    "value": true,
    "type": "BOOLEAN"
  },
  {
    "name": "APP_ERROR_TOAST_ENABLED",
    "value": true,
    "type": "BOOLEAN"
  },
  {
    "name": "APP_LAYOUT_WEBVIEW_ENABLED",
    "value": false,
    "type": "BOOLEAN"
  },
  {
    "name": "APP_MESSAGE",
    "value": null,
    "type": "TEXT"
  },
  {
    "name": "APP_UPDATE_URL",
    "value": null,
    "type": "URL",
    "status": "ACTIVE"
  }
]